numMC,PL
0,-0.000177866
1,0.000261388
2,0.00761437
3,-0.000360072
4,-0.00271244
5,-0.0119714
6,0.00244676
7,-0.00444772
8,-0.00189012
9,0.00127698
