numMC,PL
0,-0.000177866,0.0648119
1,0.000261388,-0.124738
2,0.00761437,-1.60971
3,-0.000360072,0.070442
4,-0.00271244,0.418834
5,-0.0119714,1.2915
6,0.00244676,0.0730331
7,-0.00444772,1.3928
8,-0.00189012,0.550668
9,0.00127698,-0.594979
