numMC,PL
0,-0.000167966
1,0.000244489
2,0.00767388
3,0.00204794
4,-0.000414337
5,-0.00275255
6,-0.0116351
7,0.00135631
8,-0.00100684
9,9.57026e-05
10,-0.0017013
11,0.00136358
12,-0.00447518
13,-0.000311547
14,-0.00983705
15,0.00755383
16,0.00661973
17,-0.00451478
18,-0.00329504
19,0.00929945
20,-0.000826868
21,0.00438992
22,0.00294005
23,-0.00033169
24,0.00100567
25,-0.00682736
26,-0.0143861
27,-0.00144593
28,-0.00220061
29,-0.0118628
