numMC,PL
0,0.0282741
1,0.0337201
2,0.400166
3,-0.415707
4,-0.0373559
5,0.482695
6,0.162311
7,0.865838
8,1.42055
9,-0.600556
