numMC,PL
0,0.0703154
1,-1.51624
2,-0.0817513
3,0.766934
4,0.991456
5,0.439661
6,0.533354
7,-0.0903257
8,1.78357
9,-0.365377
