numMC,PL
0,0.118671
1,-0.537233
2,-0.181931
3,1.74506
4,1.17257
5,1.51532
6,0.306206
7,-0.195044
8,0.676272
9,-0.924642
