numMC,PL
0,0.0272973
1,0.250773
2,-0.651643
3,-1.07023
4,-1.09745
5,0.692089
6,0.538721
7,2.98672
8,2.22057
9,-0.0690511
