numMC,PL
0,0.0989475
1,-0.731962
2,-0.240524
3,2.17202
4,1.2729
5,0.680173
6,0.517297
7,-0.000729628
8,0.814549
9,-1.15864
