tau,s_tmp,cash,delta,pv,r_for,q,PL
0_1-th Autocalled,351.543,1.02282,0,1.023,,,-0.000177866
0_1-th Autocalled,324.566,1.02326,0,1.023,,,0.000261388
